Instance,Seed,Multistart,ILS,GRASP,Tabu Search,SA,VNS,gap_multistar,gap_ils,gap_grasp,gap_tabu,gap_sa,gap_vns
0.0,100,20882.0,20995.0,20739.0,14676.0,20457.0,20890.0,0.5382233865206002,0.0,1.2193379376041915,30.09764229578471,2.5625148844963084,0.5001190759704691
0.0,200,20606.0,20995.0,20877.0,13586.0,20701.0,20995.0,0.5382233865206002,0.0,0.562038580614432,30.09764229578471,1.4003334127173135,0.0
0.0,300,20882.0,20995.0,20739.0,15200.0,20543.0,20995.0,0.5382233865206002,0.0,0.562038580614432,27.601809954751133,1.4003334127173135,0.0
0.0,400,20791.0,20995.0,20739.0,14011.0,19915.0,20995.0,0.5382233865206002,0.0,0.562038580614432,27.601809954751133,1.4003334127173135,0.0
0.0,500,20500.0,20890.0,20725.0,13153.0,20204.0,20995.0,0.5382233865206002,0.0,0.562038580614432,27.601809954751133,1.4003334127173135,0.0
0.0,600,20500.0,20882.0,20739.0,14155.0,20949.0,20995.0,0.5382233865206002,0.0,0.562038580614432,27.601809954751133,0.21909978566325314,0.0
0.0,700,20650.0,20995.0,20877.0,16699.0,20285.0,20995.0,0.5382233865206002,0.0,0.562038580614432,20.46201476542034,0.21909978566325314,0.0
0.0,800,20464.0,20995.0,20739.0,15404.0,19342.0,20995.0,0.5382233865206002,0.0,0.562038580614432,20.46201476542034,0.21909978566325314,0.0
0.0,900,20575.0,20995.0,20877.0,14590.0,20132.0,20995.0,0.5382233865206002,0.0,0.562038580614432,20.46201476542034,0.21909978566325314,0.0
0.0,1000,20825.0,20995.0,20739.0,14478.0,20270.0,20995.0,0.5382233865206002,0.0,0.562038580614432,20.46201476542034,0.21909978566325314,0.0
0.0,1100,20817.0,20995.0,20739.0,13577.0,19960.0,20995.0,0.5382233865206002,0.0,0.562038580614432,20.46201476542034,0.21909978566325314,0.0
0.0,1200,20606.0,20995.0,20739.0,15217.0,20391.0,20995.0,0.5382233865206002,0.0,0.562038580614432,20.46201476542034,0.21909978566325314,0.0
0.0,1300,20675.0,20882.0,20739.0,14406.0,20067.0,20885.0,0.5382233865206002,0.0,0.562038580614432,20.46201476542034,0.21909978566325314,0.0
0.0,1400,20500.0,20995.0,20725.0,14234.0,20290.0,20995.0,0.5382233865206002,0.0,0.562038580614432,20.46201476542034,0.21909978566325314,0.0
0.0,1500,20650.0,20885.0,20877.0,12010.0,20508.0,20890.0,0.5382233865206002,0.0,0.562038580614432,20.46201476542034,0.21909978566325314,0.0
0.0,1600,20764.0,20882.0,20877.0,15711.0,20501.0,20995.0,0.5382233865206002,0.0,0.562038580614432,20.46201476542034,0.21909978566325314,0.0
0.0,1700,20650.0,20893.0,20739.0,15850.0,20777.0,20995.0,0.5382233865206002,0.0,0.562038580614432,20.46201476542034,0.21909978566325314,0.0
0.0,1800,20764.0,20995.0,20739.0,14569.0,20681.0,20995.0,0.5382233865206002,0.0,0.562038580614432,20.46201476542034,0.21909978566325314,0.0
0.0,1900,20825.0,20995.0,20739.0,13722.0,19515.0,20995.0,0.5382233865206002,0.0,0.562038580614432,20.46201476542034,0.21909978566325314,0.0
0.0,2000,20500.0,20895.0,20877.0,14861.0,20755.0,20995.0,0.5382233865206002,0.0,0.562038580614432,20.46201476542034,0.21909978566325314,0.0
0.0,2100,20841.0,20890.0,20739.0,16059.0,20635.0,20995.0,0.5382233865206002,0.0,0.562038580614432,20.46201476542034,0.21909978566325314,0.0
0.0,2200,20764.0,20995.0,20739.0,15179.0,20646.0,20995.0,0.5382233865206002,0.0,0.562038580614432,20.46201476542034,0.21909978566325314,0.0
0.0,2300,20890.0,20995.0,20877.0,14239.0,20402.0,20995.0,0.5001190759704691,0.0,0.562038580614432,20.46201476542034,0.21909978566325314,0.0
0.0,2400,20464.0,20916.0,20739.0,16247.0,20136.0,20995.0,0.5001190759704691,0.0,0.562038580614432,20.46201476542034,0.21909978566325314,0.0
0.0,2500,20500.0,20882.0,20725.0,15597.0,20431.0,20995.0,0.5001190759704691,0.0,0.562038580614432,20.46201476542034,0.21909978566325314,0.0
0.0,2600,20764.0,20916.0,20739.0,14716.0,19956.0,20995.0,0.5001190759704691,0.0,0.562038580614432,20.46201476542034,0.21909978566325314,0.0
0.0,2700,20500.0,20995.0,20739.0,12826.0,20790.0,20995.0,0.5001190759704691,0.0,0.562038580614432,20.46201476542034,0.21909978566325314,0.0
0.0,2800,20659.0,20995.0,20877.0,15250.0,20525.0,20890.0,0.5001190759704691,0.0,0.562038580614432,20.46201476542034,0.21909978566325314,0.0
0.0,2900,20575.0,20916.0,20877.0,13741.0,19638.0,20995.0,0.5001190759704691,0.0,0.562038580614432,20.46201476542034,0.21909978566325314,0.0
0.0,3000,20650.0,20890.0,20877.0,15522.0,20149.0,20995.0,0.5001190759704691,0.0,0.562038580614432,20.46201476542034,0.21909978566325314,0.0
1.0,100,19000.0,19836.0,19476.0,13276.0,19512.0,19836.0,4.21455938697318,0.0,1.8148820326678767,33.07118370639242,1.6333938294010888,0.0
1.0,200,19672.0,19836.0,19476.0,11842.0,19222.0,19836.0,0.8267795926598105,0.0,1.8148820326678767,33.07118370639242,1.6333938294010888,0.0
1.0,300,18497.0,19836.0,19476.0,13128.0,18994.0,19836.0,0.8267795926598105,0.0,1.8148820326678767,33.07118370639242,1.6333938294010888,0.0
1.0,400,18497.0,19836.0,19476.0,10452.0,19693.0,19836.0,0.8267795926598105,0.0,1.8148820326678767,33.07118370639242,0.7209114740875177,0.0
1.0,500,19037.0,19836.0,19476.0,12325.0,19202.0,19836.0,0.8267795926598105,0.0,1.8148820326678767,33.07118370639242,0.7209114740875177,0.0
1.0,600,19159.0,19836.0,19476.0,12857.0,19340.0,19836.0,0.8267795926598105,0.0,1.8148820326678767,33.07118370639242,0.7209114740875177,0.0
1.0,700,18888.0,19836.0,19476.0,15537.0,19033.0,19836.0,0.8267795926598105,0.0,1.8148820326678767,21.672716273442227,0.7209114740875177,0.0
1.0,800,18888.0,19836.0,19476.0,14512.0,19836.0,19836.0,0.8267795926598105,0.0,1.8148820326678767,21.672716273442227,0.0,0.0
1.0,900,19672.0,19836.0,19476.0,11270.0,19703.0,19836.0,0.8267795926598105,0.0,1.8148820326678767,21.672716273442227,0.0,0.0
1.0,1000,19672.0,19836.0,19476.0,11985.0,19693.0,19836.0,0.8267795926598105,0.0,1.8148820326678767,21.672716273442227,0.0,0.0
1.0,1100,19290.0,19836.0,19476.0,11948.0,19108.0,19836.0,0.8267795926598105,0.0,1.8148820326678767,21.672716273442227,0.0,0.0
1.0,1200,18888.0,19836.0,19476.0,13333.0,19470.0,19836.0,0.8267795926598105,0.0,1.8148820326678767,21.672716273442227,0.0,0.0
1.0,1300,19672.0,19836.0,19476.0,10147.0,19289.0,19836.0,0.8267795926598105,0.0,1.8148820326678767,21.672716273442227,0.0,0.0
1.0,1400,19836.0,19672.0,19476.0,13232.0,19497.0,19836.0,0.0,0.0,1.8148820326678767,21.672716273442227,0.0,0.0
1.0,1500,19672.0,19836.0,19476.0,10574.0,19408.0,19836.0,0.0,0.0,1.8148820326678767,21.672716273442227,0.0,0.0
1.0,1600,18888.0,19836.0,19476.0,14133.0,19836.0,19836.0,0.0,0.0,1.8148820326678767,21.672716273442227,0.0,0.0
1.0,1700,18627.0,19836.0,19476.0,13933.0,19340.0,19836.0,0.0,0.0,1.8148820326678767,21.672716273442227,0.0,0.0
1.0,1800,18888.0,19672.0,19476.0,13737.0,19470.0,19836.0,0.0,0.0,1.8148820326678767,21.672716273442227,0.0,0.0
1.0,1900,18946.0,19836.0,19476.0,14373.0,18805.0,19836.0,0.0,0.0,1.8148820326678767,21.672716273442227,0.0,0.0
1.0,2000,18946.0,19836.0,19476.0,12356.0,18818.0,19836.0,0.0,0.0,1.8148820326678767,21.672716273442227,0.0,0.0
1.0,2100,18969.0,19836.0,19476.0,11870.0,19239.0,19836.0,0.0,0.0,1.8148820326678767,21.672716273442227,0.0,0.0
1.0,2200,19672.0,19836.0,19476.0,15189.0,19318.0,19836.0,0.0,0.0,1.8148820326678767,21.672716273442227,0.0,0.0
1.0,2300,19672.0,19672.0,19476.0,13443.0,19180.0,19836.0,0.0,0.0,1.8148820326678767,21.672716273442227,0.0,0.0
1.0,2400,19294.0,19836.0,19476.0,13277.0,19484.0,19836.0,0.0,0.0,1.8148820326678767,21.672716273442227,0.0,0.0
1.0,2500,19672.0,19836.0,19476.0,13673.0,18788.0,19836.0,0.0,0.0,1.8148820326678767,21.672716273442227,0.0,0.0
1.0,2600,19672.0,19836.0,19476.0,12368.0,19209.0,19836.0,0.0,0.0,1.8148820326678767,21.672716273442227,0.0,0.0
1.0,2700,19294.0,19836.0,19476.0,11333.0,19427.0,19836.0,0.0,0.0,1.8148820326678767,21.672716273442227,0.0,0.0
1.0,2800,19672.0,19836.0,19476.0,13759.0,18694.0,19836.0,0.0,0.0,1.8148820326678767,21.672716273442227,0.0,0.0
1.0,2900,19290.0,19836.0,19476.0,11365.0,19542.0,19836.0,0.0,0.0,1.8148820326678767,21.672716273442227,0.0,0.0
1.0,3000,19037.0,19836.0,19476.0,12157.0,19080.0,19836.0,0.0,0.0,1.8148820326678767,21.672716273442227,0.0,0.0
2.0,100,20561.0,20561.0,18289.0,13616.0,19449.0,20561.0,0.0,0.0,11.050046203978406,33.777540002918144,5.408297261806332,0.0
2.0,200,20553.0,20561.0,19203.0,13960.0,19959.0,20561.0,0.0,0.0,6.6047371236807555,32.10446962696366,2.9278731579203345,0.0
2.0,300,20445.0,20561.0,19203.0,12815.0,19861.0,20561.0,0.0,0.0,6.6047371236807555,32.10446962696366,2.9278731579203345,0.0
2.0,400,20310.0,20561.0,19668.0,14587.0,19985.0,20561.0,0.0,0.0,4.343173970137639,29.055007052186177,2.8014201643888916,0.0
2.0,500,20472.0,20561.0,19710.0,15826.0,20213.0,20561.0,0.0,0.0,4.138903749817616,23.029035552745487,1.692524682651622,0.0
2.0,600,20561.0,20561.0,19203.0,15847.0,19593.0,20561.0,0.0,0.0,4.138903749817616,22.926900442585477,1.692524682651622,0.0
2.0,700,20445.0,20561.0,18289.0,14158.0,19977.0,20561.0,0.0,0.0,4.138903749817616,22.926900442585477,1.692524682651622,0.0
2.0,800,20310.0,20561.0,19203.0,11946.0,19583.0,20561.0,0.0,0.0,4.138903749817616,22.926900442585477,1.692524682651622,0.0
2.0,900,20445.0,20561.0,19668.0,13537.0,19780.0,20561.0,0.0,0.0,4.138903749817616,22.926900442585477,1.692524682651622,0.0
2.0,1000,20445.0,20561.0,19203.0,15017.0,19877.0,20561.0,0.0,0.0,4.138903749817616,22.926900442585477,1.692524682651622,0.0
2.0,1100,20108.0,20561.0,19668.0,13294.0,20192.0,20561.0,0.0,0.0,4.138903749817616,22.926900442585477,1.692524682651622,0.0
2.0,1200,20235.0,20561.0,19668.0,13961.0,19903.0,20561.0,0.0,0.0,4.138903749817616,22.926900442585477,1.692524682651622,0.0
2.0,1300,20553.0,20561.0,18289.0,13332.0,19821.0,20561.0,0.0,0.0,4.138903749817616,22.926900442585477,1.692524682651622,0.0
2.0,1400,20198.0,20561.0,19668.0,12893.0,20175.0,20561.0,0.0,0.0,4.138903749817616,22.926900442585477,1.692524682651622,0.0
2.0,1500,20194.0,20561.0,18961.0,12538.0,19533.0,20561.0,0.0,0.0,4.138903749817616,22.926900442585477,1.692524682651622,0.0
2.0,1600,20445.0,20561.0,18289.0,14630.0,20246.0,20561.0,0.0,0.0,4.138903749817616,22.926900442585477,1.532026652400175,0.0
2.0,1700,20198.0,20561.0,18289.0,15320.0,19738.0,20561.0,0.0,0.0,4.138903749817616,22.926900442585477,1.532026652400175,0.0
2.0,1800,20561.0,20561.0,19203.0,15166.0,19898.0,20561.0,0.0,0.0,4.138903749817616,22.926900442585477,1.532026652400175,0.0
2.0,1900,20561.0,20561.0,19203.0,13783.0,20526.0,20561.0,0.0,0.0,4.138903749817616,22.926900442585477,0.17022518360001945,0.0
2.0,2000,20306.0,20561.0,19710.0,15086.0,19624.0,20561.0,0.0,0.0,4.138903749817616,22.926900442585477,0.17022518360001945,0.0
2.0,2100,20445.0,20561.0,19710.0,14258.0,20058.0,20561.0,0.0,0.0,4.138903749817616,22.926900442585477,0.17022518360001945,0.0
2.0,2200,20445.0,20561.0,19668.0,13959.0,19987.0,20561.0,0.0,0.0,4.138903749817616,22.926900442585477,0.17022518360001945,0.0
2.0,2300,20422.0,20561.0,19203.0,12063.0,19785.0,20561.0,0.0,0.0,4.138903749817616,22.926900442585477,0.17022518360001945,0.0
2.0,2400,20561.0,20561.0,18961.0,13156.0,20077.0,20561.0,0.0,0.0,4.138903749817616,22.926900442585477,0.17022518360001945,0.0
2.0,2500,20198.0,20561.0,18961.0,12778.0,19523.0,20561.0,0.0,0.0,4.138903749817616,22.926900442585477,0.17022518360001945,0.0
2.0,2600,20445.0,20561.0,19710.0,12547.0,20012.0,20561.0,0.0,0.0,4.138903749817616,22.926900442585477,0.17022518360001945,0.0
2.0,2700,20561.0,20561.0,19203.0,15608.0,19626.0,20561.0,0.0,0.0,4.138903749817616,22.926900442585477,0.17022518360001945,0.0
2.0,2800,20202.0,20561.0,19203.0,15565.0,20135.0,20561.0,0.0,0.0,4.138903749817616,22.926900442585477,0.17022518360001945,0.0
2.0,2900,19908.0,20561.0,19668.0,14036.0,19388.0,20561.0,0.0,0.0,4.138903749817616,22.926900442585477,0.17022518360001945,0.0
2.0,3000,20553.0,20561.0,19668.0,13673.0,19832.0,20561.0,0.0,0.0,4.138903749817616,22.926900442585477,0.17022518360001945,0.0
3.0,100,19650.0,19650.0,19037.0,13369.0,19065.0,19650.0,0.7024104300368892,0.7024104300368892,3.8000909596240335,32.44226590530093,3.658598211127394,0.7024104300368892
3.0,200,19442.0,19667.0,18512.0,16110.0,19056.0,19667.0,0.7024104300368892,0.6165041184496438,3.8000909596240335,18.591136489969177,3.658598211127394,0.6165041184496438
3.0,300,19650.0,19667.0,18512.0,14728.0,19546.0,19667.0,0.7024104300368892,0.6165041184496438,3.8000909596240335,18.591136489969177,1.227954924452979,0.6165041184496438
3.0,400,19650.0,19667.0,18873.0,15148.0,19366.0,19667.0,0.7024104300368892,0.6165041184496438,3.8000909596240335,18.591136489969177,1.227954924452979,0.6165041184496438
3.0,500,19385.0,19667.0,18512.0,13001.0,19185.0,19650.0,0.7024104300368892,0.6165041184496438,3.8000909596240335,18.591136489969177,1.227954924452979,0.6165041184496438
3.0,600,19430.0,19716.0,18512.0,14477.0,19084.0,19667.0,0.7024104300368892,0.36889180858052456,3.8000909596240335,18.591136489969177,1.227954924452979,0.6165041184496438
3.0,700,19609.0,19690.0,18620.0,13041.0,19424.0,19667.0,0.7024104300368892,0.36889180858052456,3.8000909596240335,18.591136489969177,1.227954924452979,0.6165041184496438
3.0,800,19650.0,19650.0,19037.0,13547.0,19188.0,19667.0,0.7024104300368892,0.36889180858052456,3.8000909596240335,18.591136489969177,1.227954924452979,0.6165041184496438
3.0,900,19650.0,19667.0,18620.0,12639.0,19097.0,19667.0,0.7024104300368892,0.36889180858052456,3.8000909596240335,18.591136489969177,1.227954924452979,0.6165041184496438
3.0,1000,19356.0,19667.0,18395.0,14850.0,19169.0,19667.0,0.7024104300368892,0.36889180858052456,3.8000909596240335,18.591136489969177,1.227954924452979,0.6165041184496438
3.0,1100,19609.0,19789.0,18620.0,14154.0,18750.0,19667.0,0.7024104300368892,0.0,3.8000909596240335,18.591136489969177,1.227954924452979,0.6165041184496438
3.0,1200,19475.0,19650.0,18984.0,13940.0,19589.0,19689.0,0.7024104300368892,0.0,3.8000909596240335,18.591136489969177,1.010662489261711,0.5053312446308555
3.0,1300,19442.0,19667.0,18620.0,13226.0,19106.0,19667.0,0.7024104300368892,0.0,3.8000909596240335,18.591136489969177,1.010662489261711,0.5053312446308555
3.0,1400,19609.0,19667.0,19102.0,12751.0,19579.0,19667.0,0.7024104300368892,0.0,3.4716256506139778,18.591136489969177,1.010662489261711,0.5053312446308555
3.0,1500,19475.0,19667.0,18512.0,15512.0,19471.0,19737.0,0.7024104300368892,0.0,3.4716256506139778,18.591136489969177,1.010662489261711,0.2627722472080449
3.0,1600,19466.0,19650.0,18395.0,12443.0,19172.0,19667.0,0.7024104300368892,0.0,3.4716256506139778,18.591136489969177,1.010662489261711,0.2627722472080449
3.0,1700,19650.0,19667.0,18512.0,12687.0,19366.0,19650.0,0.7024104300368892,0.0,3.4716256506139778,18.591136489969177,1.010662489261711,0.2627722472080449
3.0,1800,19650.0,19667.0,18863.0,13443.0,19460.0,19650.0,0.7024104300368892,0.0,3.4716256506139778,18.591136489969177,1.010662489261711,0.2627722472080449
3.0,1900,19667.0,19650.0,18512.0,15732.0,18873.0,19667.0,0.6165041184496438,0.0,3.4716256506139778,18.591136489969177,1.010662489261711,0.2627722472080449
3.0,2000,19650.0,19667.0,18512.0,14669.0,19536.0,19682.0,0.6165041184496438,0.0,3.4716256506139778,18.591136489969177,1.010662489261711,0.2627722472080449
3.0,2100,19247.0,19667.0,18501.0,13617.0,19326.0,19667.0,0.6165041184496438,0.0,3.4716256506139778,18.591136489969177,1.010662489261711,0.2627722472080449
3.0,2200,19418.0,19667.0,18389.0,13656.0,19730.0,19667.0,0.6165041184496438,0.0,3.4716256506139778,18.591136489969177,0.29814543433220475,0.2627722472080449
3.0,2300,19402.0,19650.0,18620.0,13436.0,19465.0,19690.0,0.6165041184496438,0.0,3.4716256506139778,18.591136489969177,0.29814543433220475,0.2627722472080449
3.0,2400,19385.0,19667.0,19291.0,13000.0,19329.0,19667.0,0.6165041184496438,0.0,2.5165495982616606,18.591136489969177,0.29814543433220475,0.2627722472080449
3.0,2500,19609.0,19650.0,18512.0,15234.0,19045.0,19667.0,0.6165041184496438,0.0,2.5165495982616606,18.591136489969177,0.29814543433220475,0.2627722472080449
3.0,2600,19430.0,19667.0,18984.0,13173.0,19236.0,19667.0,0.6165041184496438,0.0,2.5165495982616606,18.591136489969177,0.29814543433220475,0.2627722472080449
3.0,2700,19496.0,19650.0,18503.0,11840.0,19184.0,19667.0,0.6165041184496438,0.0,2.5165495982616606,18.591136489969177,0.29814543433220475,0.2627722472080449
3.0,2800,19609.0,19667.0,18389.0,14884.0,19025.0,19690.0,0.6165041184496438,0.0,2.5165495982616606,18.591136489969177,0.29814543433220475,0.2627722472080449
3.0,2900,19609.0,19650.0,18984.0,12293.0,19456.0,19667.0,0.6165041184496438,0.0,2.5165495982616606,18.591136489969177,0.29814543433220475,0.2627722472080449
3.0,3000,19650.0,19650.0,18512.0,13919.0,19382.0,19667.0,0.6165041184496438,0.0,2.5165495982616606,18.591136489969177,0.29814543433220475,0.2627722472080449
4.0,100,20420.0,20838.0,20777.0,11217.0,20251.0,20836.0,2.58098373169219,0.5868040646915701,0.8778207146605601,46.48633175898097,3.387242975048901,0.59634559419875
4.0,200,20128.0,20789.0,20777.0,15664.0,20598.0,20849.0,2.58098373169219,0.5868040646915701,0.8778207146605601,25.27074089976623,1.73178760555317,0.5343256524020801
4.0,300,20420.0,20961.0,20777.0,12408.0,20504.0,20836.0,2.58098373169219,0.0,0.8778207146605601,25.27074089976623,1.73178760555317,0.5343256524020801
4.0,400,20734.0,20836.0,20777.0,18162.0,20601.0,20849.0,1.08296359906493,0.0,0.8778207146605601,13.353370545298413,1.7174753112924002,0.5343256524020801
4.0,500,20420.0,20789.0,20777.0,12553.0,20058.0,20961.0,1.08296359906493,0.0,0.8778207146605601,13.353370545298413,1.7174753112924002,0.0
4.0,600,20591.0,20836.0,20777.0,13951.0,20789.0,20836.0,1.08296359906493,0.0,0.8778207146605601,13.353370545298413,0.82057153761748,0.0
4.0,700,20420.0,20789.0,20777.0,15526.0,20278.0,20789.0,1.08296359906493,0.0,0.8778207146605601,13.353370545298413,0.82057153761748,0.0
4.0,800,20420.0,20960.0,20777.0,13782.0,20894.0,20789.0,1.08296359906493,0.0,0.8778207146605601,13.353370545298413,0.31964123849053006,0.0
4.0,900,20591.0,20789.0,20777.0,13690.0,20510.0,20789.0,1.08296359906493,0.0,0.8778207146605601,13.353370545298413,0.31964123849053006,0.0
4.0,1000,20449.0,20836.0,20777.0,13930.0,20705.0,20836.0,1.08296359906493,0.0,0.8778207146605601,13.353370545298413,0.31964123849053006,0.0
4.0,1100,20420.0,20960.0,20777.0,13169.0,20960.0,20789.0,1.08296359906493,0.0,0.8778207146605601,13.353370545298413,0.0047707647535900006,0.0
4.0,1200,20734.0,20836.0,20777.0,12677.0,20703.0,20961.0,1.08296359906493,0.0,0.8778207146605601,13.353370545298413,0.0047707647535900006,0.0
4.0,1300,20182.0,20789.0,20777.0,15200.0,20771.0,20836.0,1.08296359906493,0.0,0.8778207146605601,13.353370545298413,0.0047707647535900006,0.0
4.0,1400,20420.0,20838.0,20777.0,12401.0,20801.0,20789.0,1.08296359906493,0.0,0.8778207146605601,13.353370545298413,0.0047707647535900006,0.0
4.0,1500,20420.0,20960.0,20777.0,14500.0,19914.0,20836.0,1.08296359906493,0.0,0.8778207146605601,13.353370545298413,0.0047707647535900006,0.0
4.0,1600,20734.0,20734.0,20777.0,11576.0,20727.0,20960.0,1.08296359906493,0.0,0.8778207146605601,13.353370545298413,0.0047707647535900006,0.0
4.0,1700,20591.0,20789.0,20777.0,12067.0,20429.0,20960.0,1.08296359906493,0.0,0.8778207146605601,13.353370545298413,0.0047707647535900006,0.0
4.0,1800,20420.0,20734.0,20777.0,13178.0,20701.0,20789.0,1.08296359906493,0.0,0.8778207146605601,13.353370545298413,0.0047707647535900006,0.0
4.0,1900,20734.0,20960.0,20777.0,10510.0,20145.0,20780.0,1.08296359906493,0.0,0.8778207146605601,13.353370545298413,0.0047707647535900006,0.0
4.0,2000,20571.0,20836.0,20777.0,14995.0,20543.0,20836.0,1.08296359906493,0.0,0.8778207146605601,13.353370545298413,0.0047707647535900006,0.0
4.0,2100,20713.0,20836.0,20777.0,11454.0,20845.0,20849.0,1.08296359906493,0.0,0.8778207146605601,13.353370545298413,0.0047707647535900006,0.0
4.0,2200,20420.0,20849.0,20777.0,12795.0,20812.0,20836.0,1.08296359906493,0.0,0.8778207146605601,13.353370545298413,0.0047707647535900006,0.0
4.0,2300,20960.0,20789.0,20777.0,16527.0,20410.0,20836.0,0.0047707647535900006,0.0,0.8778207146605601,13.353370545298413,0.0047707647535900006,0.0
4.0,2400,20695.0,20836.0,20777.0,17637.0,20457.0,20836.0,0.0047707647535900006,0.0,0.8778207146605601,13.353370545298413,0.0047707647535900006,0.0
4.0,2500,20420.0,20734.0,20777.0,13515.0,20333.0,20789.0,0.0047707647535900006,0.0,0.8778207146605601,13.353370545298413,0.0047707647535900006,0.0
4.0,2600,20420.0,20849.0,20777.0,14806.0,20625.0,20849.0,0.0047707647535900006,0.0,0.8778207146605601,13.353370545298413,0.0047707647535900006,0.0
4.0,2700,20961.0,20789.0,20777.0,14551.0,20187.0,20961.0,0.0,0.0,0.8778207146605601,13.353370545298413,0.0047707647535900006,0.0
4.0,2800,20420.0,20836.0,20777.0,11981.0,20637.0,20961.0,0.0,0.0,0.8778207146605601,13.353370545298413,0.0047707647535900006,0.0
4.0,2900,20420.0,20961.0,20777.0,15565.0,20716.0,20789.0,0.0,0.0,0.8778207146605601,13.353370545298413,0.0047707647535900006,0.0
4.0,3000,20960.0,20734.0,20777.0,11055.0,20172.0,20789.0,0.0,0.0,0.8778207146605601,13.353370545298413,0.0047707647535900006,0.0
5.0,100,19521.0,19586.0,18459.0,13334.0,19629.0,19586.0,1.3094034378159758,0.980788675429727,6.678463094034378,32.588473205257834,0.7633973710819009,0.980788675429727
5.0,200,19335.0,19586.0,17006.0,14729.0,19298.0,19694.0,1.3094034378159758,0.980788675429727,6.678463094034378,25.535894843276036,0.7633973710819009,0.43478260869565216
5.0,300,19291.0,19586.0,18459.0,14309.0,19510.0,19586.0,1.3094034378159758,0.980788675429727,6.678463094034378,25.535894843276036,0.7633973710819009,0.43478260869565216
5.0,400,19291.0,19586.0,17039.0,12716.0,19208.0,19694.0,1.3094034378159758,0.980788675429727,6.678463094034378,25.535894843276036,0.7633973710819009,0.43478260869565216
5.0,500,19521.0,19586.0,17039.0,14334.0,19614.0,19586.0,1.3094034378159758,0.980788675429727,6.678463094034378,25.535894843276036,0.7633973710819009,0.43478260869565216
5.0,600,19346.0,19586.0,18327.0,15317.0,19767.0,19586.0,1.3094034378159758,0.980788675429727,6.678463094034378,22.563195146612742,0.06572295247724974,0.43478260869565216
5.0,700,19649.0,19610.0,17039.0,14697.0,19148.0,19586.0,0.6622851365015167,0.8594539939332658,6.678463094034378,22.563195146612742,0.06572295247724974,0.43478260869565216
5.0,800,19521.0,19731.0,18327.0,14163.0,19174.0,19644.0,0.6622851365015167,0.24772497472194135,6.678463094034378,22.563195146612742,0.06572295247724974,0.43478260869565216
5.0,900,19291.0,19586.0,17084.0,11025.0,19293.0,19521.0,0.6622851365015167,0.24772497472194135,6.678463094034378,22.563195146612742,0.06572295247724974,0.43478260869565216
5.0,1000,19291.0,19586.0,17084.0,13896.0,19661.0,19586.0,0.6622851365015167,0.24772497472194135,6.678463094034378,22.563195146612742,0.06572295247724974,0.43478260869565216
5.0,1100,19521.0,19586.0,17039.0,13000.0,19257.0,19731.0,0.6622851365015167,0.24772497472194135,6.678463094034378,22.563195146612742,0.06572295247724974,0.24772497472194135
5.0,1200,19291.0,19767.0,17039.0,14298.0,19206.0,19586.0,0.6622851365015167,0.06572295247724974,6.678463094034378,22.563195146612742,0.06572295247724974,0.24772497472194135
5.0,1300,19291.0,19521.0,18327.0,12258.0,19605.0,19586.0,0.6622851365015167,0.06572295247724974,6.678463094034378,22.563195146612742,0.06572295247724974,0.24772497472194135
5.0,1400,19291.0,19731.0,18031.0,11406.0,19624.0,19694.0,0.6622851365015167,0.06572295247724974,6.678463094034378,22.563195146612742,0.06572295247724974,0.24772497472194135
5.0,1500,19499.0,19346.0,18327.0,13457.0,19463.0,19586.0,0.6622851365015167,0.06572295247724974,6.678463094034378,22.563195146612742,0.06572295247724974,0.24772497472194135
5.0,1600,19499.0,19644.0,17039.0,14162.0,19767.0,19694.0,0.6622851365015167,0.06572295247724974,6.678463094034378,22.563195146612742,0.06572295247724974,0.24772497472194135
5.0,1700,18519.0,19694.0,17006.0,14593.0,19629.0,19642.0,0.6622851365015167,0.06572295247724974,6.678463094034378,22.563195146612742,0.06572295247724974,0.24772497472194135
5.0,1800,19335.0,19586.0,17039.0,13358.0,19442.0,19694.0,0.6622851365015167,0.06572295247724974,6.678463094034378,22.563195146612742,0.06572295247724974,0.24772497472194135
5.0,1900,19278.0,19586.0,17039.0,13204.0,18909.0,19586.0,0.6622851365015167,0.06572295247724974,6.678463094034378,22.563195146612742,0.06572295247724974,0.24772497472194135
5.0,2000,19521.0,19586.0,17039.0,12283.0,19734.0,19726.0,0.6622851365015167,0.06572295247724974,6.678463094034378,22.563195146612742,0.06572295247724974,0.24772497472194135
5.0,2100,19291.0,19694.0,17160.0,12592.0,19399.0,19586.0,0.6622851365015167,0.06572295247724974,6.678463094034378,22.563195146612742,0.06572295247724974,0.24772497472194135
5.0,2200,19346.0,19586.0,17006.0,13142.0,19360.0,19694.0,0.6622851365015167,0.06572295247724974,6.678463094034378,22.563195146612742,0.06572295247724974,0.24772497472194135
5.0,2300,19291.0,19586.0,17039.0,14874.0,19054.0,19586.0,0.6622851365015167,0.06572295247724974,6.678463094034378,22.563195146612742,0.06572295247724974,0.24772497472194135
5.0,2400,19291.0,19694.0,18327.0,13607.0,19618.0,19521.0,0.6622851365015167,0.06572295247724974,6.678463094034378,22.563195146612742,0.06572295247724974,0.24772497472194135
5.0,2500,19694.0,19731.0,17006.0,13670.0,19195.0,19694.0,0.43478260869565216,0.06572295247724974,6.678463094034378,22.563195146612742,0.06572295247724974,0.24772497472194135
5.0,2600,19346.0,19610.0,17039.0,14312.0,19559.0,19586.0,0.43478260869565216,0.06572295247724974,6.678463094034378,22.563195146612742,0.06572295247724974,0.24772497472194135
5.0,2700,18774.0,19586.0,18459.0,12569.0,19318.0,19586.0,0.43478260869565216,0.06572295247724974,6.678463094034378,22.563195146612742,0.06572295247724974,0.24772497472194135
5.0,2800,19298.0,19726.0,17006.0,12472.0,18700.0,19586.0,0.43478260869565216,0.06572295247724974,6.678463094034378,22.563195146612742,0.06572295247724974,0.24772497472194135
5.0,2900,19521.0,19521.0,17039.0,12533.0,19169.0,19694.0,0.43478260869565216,0.06572295247724974,6.678463094034378,22.563195146612742,0.06572295247724974,0.24772497472194135
5.0,3000,19278.0,19586.0,17039.0,12683.0,19021.0,19586.0,0.43478260869565216,0.06572295247724974,6.678463094034378,22.563195146612742,0.06572295247724974,0.24772497472194135
6.0,100,20735.0,21334.0,20127.0,15974.0,20572.0,21161.0,2.8077247586012937,0.0,5.65763569888441,25.124214868285367,3.5717633823943005,0.8109121589950314
6.0,200,20851.0,21245.0,19729.0,14053.0,20641.0,21227.0,2.263991750257804,0.0,5.65763569888441,25.124214868285367,3.2483359895003283,0.5015468266616668
6.0,300,21049.0,21245.0,19729.0,16292.0,20990.0,21161.0,1.3358957532577107,0.0,5.65763569888441,23.633636448860972,1.6124496109496578,0.5015468266616668
6.0,400,20735.0,21140.0,19873.0,14377.0,20944.0,21161.0,1.3358957532577107,0.0,5.65763569888441,23.633636448860972,1.6124496109496578,0.5015468266616668
6.0,500,20905.0,21049.0,20268.0,12668.0,21211.0,21260.0,1.3358957532577107,0.0,4.996718852535858,23.633636448860972,0.5765444829849067,0.34686416049498453
6.0,600,20735.0,21049.0,20268.0,14106.0,20901.0,21334.0,1.3358957532577107,0.0,4.996718852535858,23.633636448860972,0.5765444829849067,0.0
6.0,700,20851.0,21161.0,19272.0,16077.0,21239.0,21148.0,1.3358957532577107,0.0,4.996718852535858,23.633636448860972,0.4452985844192369,0.0
6.0,800,21033.0,21334.0,19729.0,11179.0,21090.0,21260.0,1.3358957532577107,0.0,4.996718852535858,23.633636448860972,0.4452985844192369,0.0
6.0,900,20879.0,21140.0,19729.0,15414.0,21115.0,21140.0,1.3358957532577107,0.0,4.996718852535858,23.633636448860972,0.4452985844192369,0.0
6.0,1000,20905.0,21160.0,19729.0,15772.0,20966.0,21245.0,1.3358957532577107,0.0,4.996718852535858,23.633636448860972,0.4452985844192369,0.0
6.0,1100,20966.0,21161.0,19873.0,15014.0,20971.0,21334.0,1.3358957532577107,0.0,4.996718852535858,23.633636448860972,0.4452985844192369,0.0
6.0,1200,20905.0,21334.0,19729.0,14341.0,21036.0,21260.0,1.3358957532577107,0.0,4.996718852535858,23.633636448860972,0.4452985844192369,0.0
6.0,1300,21020.0,21245.0,20268.0,15014.0,20964.0,21334.0,1.3358957532577107,0.0,4.996718852535858,23.633636448860972,0.4452985844192369,0.0
6.0,1400,20735.0,21227.0,19729.0,13400.0,20428.0,21160.0,1.3358957532577107,0.0,4.996718852535858,23.633636448860972,0.4452985844192369,0.0
6.0,1500,20869.0,21211.0,19729.0,13178.0,20449.0,21245.0,1.3358957532577107,0.0,4.996718852535858,23.633636448860972,0.4452985844192369,0.0
6.0,1600,21049.0,21245.0,20268.0,12218.0,21100.0,21260.0,1.3358957532577107,0.0,4.996718852535858,23.633636448860972,0.4452985844192369,0.0
6.0,1700,20735.0,21245.0,19729.0,14109.0,20623.0,21227.0,1.3358957532577107,0.0,4.996718852535858,23.633636448860972,0.4452985844192369,0.0
6.0,1800,20809.0,21140.0,19272.0,12774.0,20883.0,21160.0,1.3358957532577107,0.0,4.996718852535858,23.633636448860972,0.4452985844192369,0.0
6.0,1900,20905.0,21245.0,19729.0,16173.0,20737.0,21227.0,1.3358957532577107,0.0,4.996718852535858,23.633636448860972,0.4452985844192369,0.0
6.0,2000,20779.0,21260.0,19729.0,14841.0,20366.0,21160.0,1.3358957532577107,0.0,4.996718852535858,23.633636448860972,0.4452985844192369,0.0
6.0,2100,20879.0,21245.0,19729.0,14692.0,21062.0,21227.0,1.3358957532577107,0.0,4.996718852535858,23.633636448860972,0.4452985844192369,0.0
6.0,2200,21018.0,21161.0,19729.0,14104.0,21046.0,21245.0,1.3358957532577107,0.0,4.996718852535858,23.633636448860972,0.4452985844192369,0.0
6.0,2300,20966.0,21260.0,19729.0,13641.0,20879.0,21245.0,1.3358957532577107,0.0,4.996718852535858,23.633636448860972,0.4452985844192369,0.0
6.0,2400,20905.0,21140.0,19729.0,11670.0,20521.0,21221.0,1.3358957532577107,0.0,4.996718852535858,23.633636448860972,0.4452985844192369,0.0
6.0,2500,21049.0,21160.0,20228.0,13595.0,20918.0,21260.0,1.3358957532577107,0.0,4.996718852535858,23.633636448860972,0.4452985844192369,0.0
6.0,2600,20809.0,21227.0,19729.0,15258.0,20794.0,21151.0,1.3358957532577107,0.0,4.996718852535858,23.633636448860972,0.4452985844192369,0.0
6.0,2700,20905.0,21260.0,20228.0,14352.0,20532.0,21334.0,1.3358957532577107,0.0,4.996718852535858,23.633636448860972,0.4452985844192369,0.0
6.0,2800,21018.0,21140.0,19729.0,14735.0,20352.0,21227.0,1.3358957532577107,0.0,4.996718852535858,23.633636448860972,0.4452985844192369,0.0
6.0,2900,20939.0,21245.0,19729.0,16687.0,20435.0,21260.0,1.3358957532577107,0.0,4.996718852535858,21.78213180838099,0.4452985844192369,0.0
6.0,3000,20851.0,21245.0,19272.0,12960.0,20540.0,21148.0,1.3358957532577107,0.0,4.996718852535858,21.78213180838099,0.4452985844192369,0.0
7.0,100,16454.0,16703.0,16532.0,8742.0,15983.0,16699.0,1.8433454632225736,0.35793115790729585,1.3780349579430888,47.849430292906995,4.653105052794846,0.38179323510111557
7.0,200,16622.0,16679.0,16532.0,11031.0,15976.0,16746.0,0.8411382210821452,0.35793115790729585,1.3780349579430888,34.19435661874366,4.653105052794846,0.10141382807373382
7.0,300,16492.0,16699.0,16691.0,9809.0,16357.0,16763.0,0.8411382210821452,0.35793115790729585,0.42951738948875495,34.19435661874366,2.422000835172702,0.0
7.0,400,16492.0,16703.0,16611.0,10089.0,16607.0,16763.0,0.8411382210821452,0.35793115790729585,0.42951738948875495,34.19435661874366,0.9306210105589692,0.0
7.0,500,16454.0,16698.0,16686.0,11165.0,16647.0,16704.0,0.8411382210821452,0.35793115790729585,0.42951738948875495,33.3949770327507,0.6920002386207719,0.0
7.0,600,16454.0,16679.0,16691.0,10901.0,16752.0,16704.0,0.8411382210821452,0.35793115790729585,0.42951738948875495,33.3949770327507,0.06562071228300424,0.0
7.0,700,16454.0,16704.0,16686.0,10246.0,16710.0,16704.0,0.8411382210821452,0.3519656386088409,0.42951738948875495,33.3949770327507,0.06562071228300424,0.0
7.0,800,16454.0,16703.0,16691.0,10607.0,16691.0,16679.0,0.8411382210821452,0.3519656386088409,0.42951738948875495,33.3949770327507,0.06562071228300424,0.0
7.0,900,16454.0,16703.0,16611.0,11891.0,16425.0,16679.0,0.8411382210821452,0.3519656386088409,0.42951738948875495,29.064010022072424,0.06562071228300424,0.0
7.0,1000,16308.0,16679.0,16691.0,9735.0,16380.0,16699.0,0.8411382210821452,0.3519656386088409,0.42951738948875495,29.064010022072424,0.06562071228300424,0.0
7.0,1100,16491.0,16679.0,16611.0,11893.0,16608.0,16703.0,0.8411382210821452,0.3519656386088409,0.42951738948875495,29.05207898347551,0.06562071228300424,0.0
7.0,1200,16133.0,16703.0,16532.0,11293.0,16082.0,16699.0,0.8411382210821452,0.3519656386088409,0.42951738948875495,29.05207898347551,0.06562071228300424,0.0
7.0,1300,16133.0,16679.0,16611.0,10587.0,16392.0,16703.0,0.8411382210821452,0.3519656386088409,0.42951738948875495,29.05207898347551,0.06562071228300424,0.0
7.0,1400,16679.0,16703.0,16611.0,12443.0,16313.0,16698.0,0.5011036210702141,0.3519656386088409,0.42951738948875495,25.771043369325298,0.06562071228300424,0.0
7.0,1500,16664.0,16679.0,16532.0,12266.0,16003.0,16703.0,0.5011036210702141,0.3519656386088409,0.42951738948875495,25.771043369325298,0.06562071228300424,0.0
7.0,1600,16372.0,16746.0,16611.0,11833.0,16376.0,16710.0,0.5011036210702141,0.10141382807373382,0.42951738948875495,25.771043369325298,0.06562071228300424,0.0
7.0,1700,16482.0,16703.0,16611.0,11976.0,16436.0,16703.0,0.5011036210702141,0.10141382807373382,0.42951738948875495,25.771043369325298,0.06562071228300424,0.0
7.0,1800,16608.0,16704.0,16695.0,9189.0,16535.0,16679.0,0.5011036210702141,0.10141382807373382,0.4056553122949353,25.771043369325298,0.06562071228300424,0.0
7.0,1900,16454.0,16699.0,16686.0,10152.0,16389.0,16698.0,0.5011036210702141,0.10141382807373382,0.4056553122949353,25.771043369325298,0.06562071228300424,0.0
7.0,2000,16491.0,16699.0,16686.0,10281.0,16318.0,16704.0,0.5011036210702141,0.10141382807373382,0.4056553122949353,25.771043369325298,0.06562071228300424,0.0
7.0,2100,16622.0,16699.0,16611.0,10831.0,16445.0,16703.0,0.5011036210702141,0.10141382807373382,0.4056553122949353,25.771043369325298,0.06562071228300424,0.0
7.0,2200,16704.0,16703.0,16686.0,11972.0,16312.0,16679.0,0.3519656386088409,0.10141382807373382,0.4056553122949353,25.771043369325298,0.06562071228300424,0.0
7.0,2300,16492.0,16679.0,16611.0,11393.0,16457.0,16703.0,0.3519656386088409,0.10141382807373382,0.4056553122949353,25.771043369325298,0.06562071228300424,0.0
7.0,2400,16454.0,16703.0,16695.0,11438.0,16570.0,16703.0,0.3519656386088409,0.10141382807373382,0.4056553122949353,25.771043369325298,0.06562071228300424,0.0
7.0,2500,16133.0,16703.0,16611.0,13040.0,16211.0,16698.0,0.3519656386088409,0.10141382807373382,0.4056553122949353,22.209628348147707,0.06562071228300424,0.0
7.0,2600,16492.0,16703.0,16691.0,12033.0,16059.0,16710.0,0.3519656386088409,0.10141382807373382,0.4056553122949353,22.209628348147707,0.06562071228300424,0.0
7.0,2700,16679.0,16622.0,16532.0,12172.0,16525.0,16698.0,0.3519656386088409,0.10141382807373382,0.4056553122949353,22.209628348147707,0.06562071228300424,0.0
7.0,2800,16492.0,16679.0,16686.0,11421.0,16635.0,16679.0,0.3519656386088409,0.10141382807373382,0.4056553122949353,22.209628348147707,0.06562071228300424,0.0
7.0,2900,16491.0,16679.0,16601.0,8972.0,16325.0,16703.0,0.3519656386088409,0.10141382807373382,0.4056553122949353,22.209628348147707,0.06562071228300424,0.0
7.0,3000,16492.0,16703.0,16601.0,12321.0,15803.0,16703.0,0.3519656386088409,0.10141382807373382,0.4056553122949353,22.209628348147707,0.06562071228300424,0.0
8.0,100,18840.0,19389.0,18760.0,12670.0,18787.0,19389.0,2.881591834630651,0.05154904892004743,3.2939842259910304,34.68735501829991,3.154801793906902,0.05154904892004743
8.0,200,18747.0,19389.0,18879.0,14346.0,18549.0,19399.0,2.881591834630651,0.05154904892004743,2.680550543842466,26.04773441929996,3.154801793906902,0.0
8.0,300,18706.0,19389.0,18760.0,8634.0,19275.0,19389.0,2.881591834630651,0.05154904892004743,2.680550543842466,26.04773441929996,0.6392082066085881,0.0
8.0,400,18906.0,19389.0,18760.0,11822.0,19157.0,19389.0,2.541368111758338,0.05154904892004743,2.680550543842466,26.04773441929996,0.6392082066085881,0.0
8.0,500,19132.0,19364.0,18760.0,12219.0,18894.0,19389.0,1.3763596061652663,0.05154904892004743,2.680550543842466,26.04773441929996,0.6392082066085881,0.0
8.0,600,18747.0,19389.0,18760.0,12762.0,19226.0,19389.0,1.3763596061652663,0.05154904892004743,2.680550543842466,26.04773441929996,0.6392082066085881,0.0
8.0,700,19244.0,19389.0,18879.0,11446.0,19192.0,19364.0,0.799010258260735,0.05154904892004743,2.680550543842466,26.04773441929996,0.6392082066085881,0.0
8.0,800,19132.0,19197.0,18760.0,10867.0,19047.0,19389.0,0.799010258260735,0.05154904892004743,2.680550543842466,26.04773441929996,0.6392082066085881,0.0
8.0,900,18913.0,19389.0,18760.0,13294.0,18662.0,19399.0,0.799010258260735,0.05154904892004743,2.680550543842466,26.04773441929996,0.6392082066085881,0.0
8.0,1000,18872.0,19389.0,19124.0,13383.0,18985.0,19395.0,0.799010258260735,0.05154904892004743,1.4175988453013042,26.04773441929996,0.6392082066085881,0.0
8.0,1100,18747.0,19389.0,18803.0,14238.0,18819.0,19389.0,0.799010258260735,0.05154904892004743,1.4175988453013042,26.04773441929996,0.6392082066085881,0.0
8.0,1200,18403.0,19389.0,18770.0,11317.0,19361.0,19399.0,0.799010258260735,0.05154904892004743,1.4175988453013042,26.04773441929996,0.1958863858961802,0.0
8.0,1300,19197.0,19364.0,19058.0,13646.0,18591.0,19399.0,0.799010258260735,0.05154904892004743,1.4175988453013042,26.04773441929996,0.1958863858961802,0.0
8.0,1400,19197.0,19399.0,18770.0,15106.0,19235.0,19389.0,0.799010258260735,0.0,1.4175988453013042,22.13000670137636,0.1958863858961802,0.0
8.0,1500,19364.0,19389.0,18879.0,13032.0,18896.0,19326.0,0.18042167122016597,0.0,1.4175988453013042,22.13000670137636,0.1958863858961802,0.0
8.0,1600,19364.0,19389.0,19124.0,13729.0,19152.0,19389.0,0.18042167122016597,0.0,1.4175988453013042,22.13000670137636,0.1958863858961802,0.0
8.0,1700,18873.0,19389.0,19058.0,13641.0,18907.0,19389.0,0.18042167122016597,0.0,1.4175988453013042,22.13000670137636,0.1958863858961802,0.0
8.0,1800,18906.0,19226.0,18760.0,15128.0,19206.0,19399.0,0.18042167122016597,0.0,1.4175988453013042,22.016598793752255,0.1958863858961802,0.0
8.0,1900,18876.0,19326.0,18760.0,12779.0,18723.0,19364.0,0.18042167122016597,0.0,1.4175988453013042,22.016598793752255,0.1958863858961802,0.0
8.0,2000,18899.0,19389.0,18770.0,11914.0,18851.0,19389.0,0.18042167122016597,0.0,1.4175988453013042,22.016598793752255,0.1958863858961802,0.0
8.0,2100,19039.0,19364.0,18542.0,10499.0,18674.0,19389.0,0.18042167122016597,0.0,1.4175988453013042,22.016598793752255,0.1958863858961802,0.0
8.0,2200,18984.0,19389.0,18542.0,13198.0,18860.0,19389.0,0.18042167122016597,0.0,1.4175988453013042,22.016598793752255,0.1958863858961802,0.0
8.0,2300,19364.0,19389.0,19124.0,13607.0,19192.0,19389.0,0.18042167122016597,0.0,1.4175988453013042,22.016598793752255,0.1958863858961802,0.0
8.0,2400,19036.0,19389.0,19124.0,10971.0,19091.0,19389.0,0.18042167122016597,0.0,1.4175988453013042,22.016598793752255,0.1958863858961802,0.0
8.0,2500,19132.0,19389.0,18760.0,12888.0,19174.0,19389.0,0.18042167122016597,0.0,1.4175988453013042,22.016598793752255,0.1958863858961802,0.0
8.0,2600,18462.0,19389.0,18760.0,11588.0,18881.0,19389.0,0.18042167122016597,0.0,1.4175988453013042,22.016598793752255,0.1958863858961802,0.0
8.0,2700,18851.0,19389.0,18542.0,10149.0,18366.0,19399.0,0.18042167122016597,0.0,1.4175988453013042,22.016598793752255,0.1958863858961802,0.0
8.0,2800,19132.0,19389.0,18760.0,10053.0,18375.0,19389.0,0.18042167122016597,0.0,1.4175988453013042,22.016598793752255,0.1958863858961802,0.0
8.0,2900,19039.0,19389.0,18879.0,14058.0,19391.0,19399.0,0.18042167122016597,0.0,1.4175988453013042,22.016598793752255,0.04123923913603794,0.0
8.0,3000,19039.0,19389.0,18760.0,12505.0,18654.0,19389.0,0.18042167122016597,0.0,1.4175988453013042,22.016598793752255,0.04123923913603794,0.0
9.0,100,17950.0,18283.0,17725.0,10317.0,17720.0,18128.0,2.078446347716982,0.261851508373793,3.305875293219137,43.71829141890786,3.3331514920080743,1.107413670830833
9.0,200,17540.0,18213.0,17725.0,13168.0,17282.0,18284.0,2.078446347716982,0.261851508373793,3.305875293219137,28.165402869456113,3.3331514920080743,0.2563962686160057
9.0,300,18128.0,18245.0,18108.0,13183.0,17882.0,18283.0,1.107413670830833,0.261851508373793,1.2165184659865802,28.0835742730893,2.449402651246522,0.2563962686160057
9.0,400,18245.0,18289.0,17725.0,14164.0,18235.0,18284.0,0.4691506191697125,0.2291200698270689,1.2165184659865802,22.731984070699905,0.523703016747586,0.2563962686160057
9.0,500,17841.0,18289.0,18108.0,11931.0,18087.0,18284.0,0.4691506191697125,0.2291200698270689,1.2165184659865802,22.731984070699905,0.523703016747586,0.2563962686160057
9.0,600,17994.0,18284.0,17725.0,12710.0,18111.0,18283.0,0.4691506191697125,0.2291200698270689,1.2165184659865802,22.731984070699905,0.523703016747586,0.2563962686160057
9.0,700,17841.0,18284.0,17725.0,9903.0,17707.0,18284.0,0.4691506191697125,0.2291200698270689,1.2165184659865802,22.731984070699905,0.523703016747586,0.2563962686160057
9.0,800,17841.0,18283.0,17759.0,10949.0,18234.0,18283.0,0.4691506191697125,0.2291200698270689,1.2165184659865802,22.731984070699905,0.523703016747586,0.2563962686160057
9.0,900,18032.0,18283.0,18108.0,12864.0,18289.0,18284.0,0.4691506191697125,0.2291200698270689,1.2165184659865802,22.731984070699905,0.2291200698270689,0.2563962686160057
9.0,1000,18128.0,18283.0,18108.0,11781.0,17655.0,18284.0,0.4691506191697125,0.2291200698270689,1.2165184659865802,22.731984070699905,0.2291200698270689,0.2563962686160057
9.0,1100,17865.0,18284.0,17759.0,12110.0,17834.0,18284.0,0.4691506191697125,0.2291200698270689,1.2165184659865802,22.731984070699905,0.2291200698270689,0.2563962686160057
9.0,1200,17950.0,18245.0,17725.0,13440.0,18040.0,18284.0,0.4691506191697125,0.2291200698270689,1.2165184659865802,22.731984070699905,0.2291200698270689,0.2563962686160057
9.0,1300,18032.0,18245.0,17725.0,10102.0,17705.0,18284.0,0.4691506191697125,0.2291200698270689,1.2165184659865802,22.731984070699905,0.2291200698270689,0.2563962686160057
9.0,1400,18128.0,18284.0,18108.0,12008.0,17768.0,18283.0,0.4691506191697125,0.2291200698270689,1.2165184659865802,22.731984070699905,0.2291200698270689,0.2563962686160057
9.0,1500,18284.0,18245.0,17725.0,12185.0,17973.0,18283.0,0.2563962686160057,0.2291200698270689,1.2165184659865802,22.731984070699905,0.2291200698270689,0.2563962686160057
9.0,1600,18128.0,18283.0,17759.0,11067.0,18235.0,18284.0,0.2563962686160057,0.2291200698270689,1.2165184659865802,22.731984070699905,0.2291200698270689,0.2563962686160057
9.0,1700,17994.0,18245.0,18108.0,13730.0,17999.0,18284.0,0.2563962686160057,0.2291200698270689,1.2165184659865802,22.731984070699905,0.2291200698270689,0.2563962686160057
9.0,1800,17950.0,18284.0,18108.0,10280.0,18034.0,18284.0,0.2563962686160057,0.2291200698270689,1.2165184659865802,22.731984070699905,0.2291200698270689,0.2563962686160057
9.0,1900,17950.0,18283.0,18108.0,9608.0,18159.0,18289.0,0.2563962686160057,0.2291200698270689,1.2165184659865802,22.731984070699905,0.2291200698270689,0.2291200698270689
9.0,2000,17971.0,18284.0,18108.0,11281.0,18117.0,18284.0,0.2563962686160057,0.2291200698270689,1.2165184659865802,22.731984070699905,0.2291200698270689,0.2291200698270689
9.0,2100,18245.0,18284.0,17759.0,10030.0,17937.0,18286.0,0.2563962686160057,0.2291200698270689,1.2165184659865802,22.731984070699905,0.2291200698270689,0.2291200698270689
9.0,2200,18245.0,18283.0,18108.0,12463.0,18072.0,18283.0,0.2563962686160057,0.2291200698270689,1.2165184659865802,22.731984070699905,0.2291200698270689,0.2291200698270689
9.0,2300,17841.0,18283.0,18108.0,11744.0,18278.0,18284.0,0.2563962686160057,0.2291200698270689,1.2165184659865802,22.731984070699905,0.2291200698270689,0.2291200698270689
9.0,2400,18128.0,18284.0,17825.0,11075.0,17776.0,18289.0,0.2563962686160057,0.2291200698270689,1.2165184659865802,22.731984070699905,0.2291200698270689,0.2291200698270689
9.0,2500,18245.0,18283.0,18108.0,11512.0,18331.0,18284.0,0.2563962686160057,0.2291200698270689,1.2165184659865802,22.731984070699905,0.0,0.2291200698270689
9.0,2600,18174.0,18284.0,17759.0,13223.0,18088.0,18283.0,0.2563962686160057,0.2291200698270689,1.2165184659865802,22.731984070699905,0.0,0.2291200698270689
9.0,2700,18245.0,18283.0,17725.0,11891.0,17978.0,18284.0,0.2563962686160057,0.2291200698270689,1.2165184659865802,22.731984070699905,0.0,0.2291200698270689
9.0,2800,17841.0,18283.0,17725.0,11516.0,18262.0,18284.0,0.2563962686160057,0.2291200698270689,1.2165184659865802,22.731984070699905,0.0,0.2291200698270689
9.0,2900,17859.0,18245.0,17725.0,11619.0,18161.0,18283.0,0.2563962686160057,0.2291200698270689,1.2165184659865802,22.731984070699905,0.0,0.2291200698270689
9.0,3000,17865.0,18283.0,18108.0,12192.0,18059.0,18284.0,0.2563962686160057,0.2291200698270689,1.2165184659865802,22.731984070699905,0.0,0.2291200698270689
10.0,100,19739.0,20007.0,19719.0,13385.0,19936.0,20007.0,2.122278970595527,0.7933753161104775,2.221450885109337,33.629196211632866,1.1454356126345018,0.7933753161104775
10.0,200,18954.0,20007.0,20137.0,13446.0,19809.0,20007.0,2.122278970595527,0.7933753161104775,0.14875787177071453,33.326721872365745,1.1454356126345018,0.7933753161104775
10.0,300,20007.0,20167.0,19951.0,15227.0,19644.0,20025.0,0.7933753161104775,0.0,0.14875787177071453,24.495462884910992,1.1454356126345018,0.7041205930480487
10.0,400,20006.0,20007.0,20137.0,16019.0,19665.0,20007.0,0.7933753161104775,0.0,0.14875787177071453,20.568255070164128,1.1454356126345018,0.7041205930480487
10.0,500,19552.0,20007.0,19719.0,12563.0,19580.0,20167.0,0.7933753161104775,0.0,0.14875787177071453,20.568255070164128,1.1454356126345018,0.0
10.0,600,19552.0,20005.0,20137.0,12654.0,19661.0,20007.0,0.7933753161104775,0.0,0.14875787177071453,20.568255070164128,1.1454356126345018,0.0
10.0,700,20006.0,20007.0,19719.0,11994.0,19880.0,20007.0,0.7933753161104775,0.0,0.14875787177071453,20.568255070164128,1.1454356126345018,0.0
10.0,800,19527.0,20007.0,19951.0,12028.0,19994.0,20007.0,0.7933753161104775,0.0,0.14875787177071453,20.568255070164128,0.8578370605444539,0.0
10.0,900,19735.0,20007.0,19951.0,12443.0,19830.0,20137.0,0.7933753161104775,0.0,0.14875787177071453,20.568255070164128,0.8578370605444539,0.0
10.0,1000,19854.0,20007.0,19890.0,14608.0,20085.0,20137.0,0.7933753161104775,0.0,0.14875787177071453,20.568255070164128,0.40660484950661974,0.0
10.0,1100,19855.0,20007.0,20137.0,13967.0,20167.0,20167.0,0.7933753161104775,0.0,0.14875787177071453,20.568255070164128,0.0,0.0
10.0,1200,19527.0,20007.0,19719.0,12320.0,19270.0,20007.0,0.7933753161104775,0.0,0.14875787177071453,20.568255070164128,0.0,0.0
10.0,1300,19503.0,20007.0,20137.0,13577.0,19823.0,20137.0,0.7933753161104775,0.0,0.14875787177071453,20.568255070164128,0.0,0.0
10.0,1400,19739.0,20007.0,19890.0,13165.0,19912.0,20017.0,0.7933753161104775,0.0,0.14875787177071453,20.568255070164128,0.0,0.0
10.0,1500,19527.0,20007.0,19719.0,11895.0,19880.0,20167.0,0.7933753161104775,0.0,0.14875787177071453,20.568255070164128,0.0,0.0
10.0,1600,20005.0,20007.0,20137.0,14283.0,20005.0,20007.0,0.7933753161104775,0.0,0.14875787177071453,20.568255070164128,0.0,0.0
10.0,1700,19739.0,20007.0,19719.0,13253.0,19844.0,20167.0,0.7933753161104775,0.0,0.14875787177071453,20.568255070164128,0.0,0.0
10.0,1800,19739.0,20007.0,19951.0,11480.0,19772.0,20167.0,0.7933753161104775,0.0,0.14875787177071453,20.568255070164128,0.0,0.0
10.0,1900,19854.0,20007.0,19719.0,12391.0,19539.0,20025.0,0.7933753161104775,0.0,0.14875787177071453,20.568255070164128,0.0,0.0
10.0,2000,19477.0,20006.0,20137.0,15024.0,19981.0,20007.0,0.7933753161104775,0.0,0.14875787177071453,20.568255070164128,0.0,0.0
10.0,2100,19595.0,20007.0,19951.0,12818.0,19347.0,20007.0,0.7933753161104775,0.0,0.14875787177071453,20.568255070164128,0.0,0.0
10.0,2200,19595.0,20007.0,19951.0,14450.0,19264.0,20007.0,0.7933753161104775,0.0,0.14875787177071453,20.568255070164128,0.0,0.0
10.0,2300,19768.0,20167.0,20137.0,14535.0,19676.0,20007.0,0.7933753161104775,0.0,0.14875787177071453,20.568255070164128,0.0,0.0
10.0,2400,19422.0,20007.0,19719.0,12755.0,19834.0,20007.0,0.7933753161104775,0.0,0.14875787177071453,20.568255070164128,0.0,0.0
10.0,2500,19652.0,20137.0,19890.0,14176.0,18953.0,20007.0,0.7933753161104775,0.0,0.14875787177071453,20.568255070164128,0.0,0.0
10.0,2600,19568.0,20007.0,19951.0,12479.0,19473.0,20007.0,0.7933753161104775,0.0,0.14875787177071453,20.568255070164128,0.0,0.0
10.0,2700,19964.0,20007.0,19951.0,15062.0,19543.0,20007.0,0.7933753161104775,0.0,0.14875787177071453,20.568255070164128,0.0,0.0
10.0,2800,19869.0,20007.0,19951.0,13944.0,19815.0,20167.0,0.7933753161104775,0.0,0.14875787177071453,20.568255070164128,0.0,0.0
10.0,2900,19855.0,20007.0,19951.0,12469.0,19962.0,20007.0,0.7933753161104775,0.0,0.14875787177071453,20.568255070164128,0.0,0.0
10.0,3000,18833.0,20007.0,19951.0,14360.0,19033.0,20007.0,0.7933753161104775,0.0,0.14875787177071453,20.568255070164128,0.0,0.0
